product_name,category,material,material_raw,size,length_cm,width_cm,height_cm,price,mrp,discount,rating,review_count,seller,platform,product_url,source_type,date_collected,verification_note
"Wooden Learning Puzzle Board for Kids | Alphabet Letters, Numbers & Shapes To",Educational Toy,Wood,Wood,20*20*2,,,,171.0,187.0,9.0,4.2,1190.0,LITTLE KIYAN ENTERPRICE,Meesho,https://www.meesho.com/wooden-learning-puzzle-board-for-kids-alphabet-letters-numbers-shapes-to/p/b6ysqk,Direct Wooden Toy,2026-09-17,
Wooden Alphabet & Number Puzzle Board for Kids | Early Learning Educational Toy,Educational Toy,Wood,Wood,20*20*2,,,,177.0,,,4.1,189.0,LITTLE KIYAN ENTERPRICE,Meesho,https://www.meesho.com/wooden-alphabet-number-puzzle-board-for-kids-early-learning-educational-toy/p/b6yvo1,Direct Wooden Toy,2026-09-17,
Body Parts wooden Jigsaw Preschool & Playgroup Educational Puzzle kids toys for age 2 to 5 year baby boys & gils,Educational Toy,Wood,Wood,Free Size,,,,106.0,,,4.1,395.0,SHREEVI,Meesho,https://www.meesho.com/body-parts-wooden-jigsaw-preschool-playgroup-educational-puzzle-kids-toys-for-age-2-to-5-year-baby-boys-gils-toddler-activity-learning-board-game-for-kindergarten-childrens-body-parts/p/6olczn,Direct Wooden Toy,2026-09-17,
"Kids Montessori Slide Puzzle I Color & Pattern Matching Learning Toys for Kids, Color Coder Wooden Puzzle 4-8 Years",Puzzle,Wood,Wood,21.6 X 16.8 X 1,,,,189.0,,,4.5,1029.0,THE ALPHA ENTERPRISE,Meesho,https://www.meesho.com/kids-montessori-slide-puzzle-i-color-pattern-matching-learning-toys-for-kids-color-coder-wooden-puzzle-4-8-years-i-birthday-gift-for-boysgirls-i-preschool-educational-activity-toy-for-45678i-travel-friendly/p/7xn63m,Direct Wooden Toy,2026-09-17,
"Wooden Alphabet Puzzle Toys, ABC Letter & Number Puzzle for Toddlers 18+ Months Old",Educational Toy,Wood,Wood,20*20*2,,,,110.0,,,3.9,10831.0,ROYAL SALES AND SERVICES,Meesho,https://www.meesho.com/wooden-alphabet-puzzle-toys-abc-letter-number-puzzle-for-toddlers-18-months-old-preschool-learning-toys-for-kids-educational-name-puzzle-gift-for-boys-and-girls-alphabet-puzzle/p/7hf0mf,Direct Wooden Toy,2026-09-17,
"Wooden Learning Educational Board for Kids, Puzzle Toys for 2 Years Old Boys & Girls Educational Toys for Toddlers & Preschoolers, ABCD for Kids",Educational Toy,Wood,Wood,12*10*10,,,,192.0,,,4.2,1009.0,ICHHA HOUSE,Meesho,https://www.meesho.com/wooden-learning-educational-board-for-kids-puzzle-toys-for-2-years-old-boys-girls-educational-toys-for-toddlers-preschoolers-abcd-for-kidsalphabets-numbers-shapes/p/btwp7v,Direct Wooden Toy,2026-09-17,
Wooden Shape Puzzle Board for Kids | Montessori Educational Toy with Colourful Geometric Shapes,Educational Toy,Unknown,,Free Size,,,,98.0,,,4.2,8.0,MAHANT ENTERPRISE_1,Meesho,https://www.meesho.com/wooden-shape-puzzle-board-for-kids-montessori-educational-toy-with-colourful-geometric-shapes-early-learning-puzzle-for-shape-colour-recognition-fine-motor-skills-toy-for-24-years/p/b6jop3,Direct Wooden Toy,2026-09-17,
"Wooden Educational Puzzle Board Set for Kids | Alphabet, Numbers & Shapes Learning Toy",Educational Toy,Wood,Wood,20*20*2,,,,175.0,177.0,1.0,4.2,340.0,YUG ENTERPRISES ltd,Meesho,https://www.meesho.com/wooden-educational-puzzle-board-set-for-kids-alphabet-numbers-shapes-learning-toy/p/c2diky,Direct Wooden Toy,2026-09-17,
kids Wooden Educational Creative learning A To Z English Alphabets Board Puzzle,Educational Toy,Unknown,,12*8*5,,,,117.0,,,3.9,2438.0,TRAKUDI,Meesho,https://www.meesho.com/kids-wooden-educational-creative-learning-a-to-z-english-alphabets-board-puzzle/p/7lebpp,Direct Wooden Toy,2026-09-17,
"Wooden Learning Educational Board for Kids, Alphabet & Number & Shape Puzzles for Kids",Educational Toy,Unknown,,20*20*3,,,,199.0,,,4.2,353.0,ZARQITO,Meesho,https://www.meesho.com/wooden-learning-educational-board-for-kids-alphabet-number-shape-puzzles-for-kids-educational-toys-for-toddlers-preschoolers-abcd-puzzle-set-alphabets-numbers-shapes/p/89sakb,Direct Wooden Toy,2026-09-17,
"Wooden Russian Blocks Puzzles for Kids Adults, Wood Intelligence Kids Toys",Puzzle,Wood,Wood,Free Size,,,,166.0,,,4.0,27.0,SHREE HARI CREATION55,Meesho,https://www.meesho.com/wooden-russian-blocks-puzzles-for-kids-adults-wood-intelligence-kids-toys-for-2-5-years-boywooden-puzzles-brain-teasers-toy-educational-gift-for-7-10-years/p/9xew4t,Direct Wooden Toy,2026-09-17,
Kids Wooden Learning Puzzle Board | Alphabet & Numbers Educational Toy,Educational Toy,Wood,Wood,20*20*2,,,,199.0,,,4.2,113.0,KIYAN ENTERPRICE,Meesho,https://www.meesho.com/kids-wooden-learning-puzzle-board-alphabet-numbers-educational-toy/p/b7m3cd,Direct Wooden Toy,2026-09-17,
Chess and Ludo board game SET OF 1,Activity Toy,Unknown,,10,,,,118.0,,,4.1,979.0,KALYANI SHOPPING CENTER,Meesho,https://www.meesho.com/chess-and-ludo-board-game-set-of-1/p/58dv1n,Direct Wooden Toy,2026-09-17,
"Multiple Games Set of 2 Ludo + Chess + Snakes & Ladders, Size 12x12 Inches, Type MDF Wood",Activity Toy,MDF Wood,MDF Wood,12x12 inches,,,,161.0,,,4.2,5401.0,,Meesho,https://www.meesho.com/multiple-games-set-of-2-ludo-chess-snakes-ladders-size-12x12-inches-type-mdf-wood-indoor-games-for-kids-and-family/p/58dz36,Direct Wooden Toy,2026-09-17,
Wooden Educational Creative learning A To Z English Alphabets Board Puzzle,Educational Toy,Wood,Wood,20X10X3,,,,124.0,,,4.0,422.0,SHIPSHOP ENTERPRISE,Meesho,https://www.meesho.com/wooden-educational-creative-learning-a-to-z-english-alphabets-board-puzzle/p/581i2n,Direct Wooden Toy,2026-09-17,
Wooden Premium Quality Ludo+Snake ladder,Activity Toy,Unknown,,Free Size,,,,111.0,,,4.2,834.0,KALYANI SHOPPING CENTER,Meesho,https://www.meesho.com/wooden-premium-quality-ludosnake-ladder/p/6u5mo6,Direct Wooden Toy,2026-09-17,
"Wooden Learning Educational Game Board for Kids, Puzzle Toys for 2 Years Old Boys & Girls (Alphabets, Numbers & Shapes)",Educational Toy,Wood,Wood,20*20*3,,,,197.0,,,4.3,2561.0,ZARQITO,Meesho,https://www.meesho.com/wooden-learning-educational-game-board-for-kids-puzzle-toys-for-2-years-old-boys-girls-alphabets-numbers-shapes/p/80l9u5,Direct Wooden Toy,2026-09-17,
"Wooden Learning Educational Game Board for Kids, Puzzle Toys for 2 Years Old Boys & Girls (Alphabets, Numbers & Shapes)",Educational Toy,Wood,Wood,15*10*3,,,,189.0,,,4.1,83.0,ZRIYOS,Meesho,https://www.meesho.com/wooden-learning-educational-game-board-for-kids-puzzle-toys-for-2-years-old-boys-girls-alphabets-numbers-shapes/p/9wwdpa,Direct Wooden Toy,2026-09-17,
"Wooden Learning Educational Board for Kids, Puzzle Toys for 2 Years Old Boys & Girls (Alphabets, Numbers & Shapes)",Educational Toy,Wood,Wood,4*4,,,,188.0,,,,,,Meesho,https://www.meesho.com/wooden-learning-educational-board-for-kids-puzzle-toys-for-2-years-old-boys-girls-alphabets-numbers-shapes-abc-numbers-shape/p/eez2n7,Direct Wooden Toy,2026-09-17,
Wooden Educational Creative learning A To Z English Alphabets Board Puzzle,Educational Toy,Unknown,,12*8*6,,,,144.0,,,4.0,65.0,,Meesho,https://www.meesho.com/wooden-educational-creative-learning-a-to-z-english-alphabets-board-puzzle/p/660qqr,Direct Wooden Toy,2026-09-17,
"Wooden Learning Educational Game Board for Kids, Puzzle Toys for 2 Years Old Boys & Girls (Alphabets, Numbers & Shapes)",Educational Toy,Wood,Wood,19.8 x 19.8 x 2,,,,188.0,,,4.4,36.0,Bera Overseas,Meesho,https://www.meesho.com/wooden-learning-educational-game-board-for-kids-puzzle-toys-for-2-years-old-boys-girls-alphabets-numbers-shapes/p/9wwvxa,Direct Wooden Toy,2026-09-17,
Clapjoy Kids Wooden Toy House with Furniture Do-It-Yourself Kit,Pretend Play,Wood,Wood,Pack,,,,474.0,699.0,32.0,4.6,11.0,CLAPJOY INNOVATIONS PRIVATE LIMITED,Myntra,https://www.myntra.com/activity-toys-and-games/clapjoy/clapjoy-kids-wooden-toy-house-with-furniture-do-it-yourself-kit/32771088/buy,Direct Wooden Toy,2026-09-17,
LITTLE GINNIE Wooden Train Toy,Toy Vehicle,Wood,Wood,One size,,,,635.0,2600.0,76.0,,,MAGADH TECHNO SERVICES PRIVATE LIMITED,Myntra,https://www.myntra.com/Toy-Vehicles/LITTLE%2BGINNIE/LITTLE-GINNIE-Wooden-Train-Toy/30762853/buy,Direct Wooden Toy,2026-09-17,
Ed-a-Mamma Wooden Toy Vehicles,Toy Vehicle,Wood,Wood,One size,,,,1999.0,1999.0,0.0,,,ETERNALIA MEDIA PRIVATE LIMITED,Myntra,https://www.myntra.com/toy-vehicles/ed-a-mamma/ed-a-mamma-wooden-toy-vehicles/40179911/buy,Direct Wooden Toy,2026-09-17,
Wooden Multicolored Marshall's Fire Station Pretend Play Toy Set,Pretend Play,Wood,Wood,One size,,,,5500.0,5500.0,0.0,,,LIBRAL TRADERS PVT LTD,Myntra,https://www.myntra.com/learning-and-development-toys/playbox/playbox-wooden-multicolored-marshalls-fire-station-pretend-play-toy-set/36481906/buy,Direct Wooden Toy,2026-09-17,
Kids Brown & Red Wooden Counting Numbers Activity Toy,Educational Toy,Wood,Wood,Pack,,,,619.0,699.0,11.0,4.7,19.0,Whole9yards Online LLP,Myntra,https://www.myntra.com/activity-toys-and-games/wembleytoys/wembley-toys-kids-brown--red-wooden-counting-numbers-activity-toy/16070970/buy,Direct Wooden Toy,2026-09-17,
Kids Wooden Shape Sorting Board Fishing Puzzle Toys,Puzzle,Wood,Wood,One size,,,,1999.0,1999.0,0.0,5.0,5.0,HAPPY CHEEKS PRIVATE LIMITED,Myntra,https://www.myntra.com/learning-and-development-toys/kidology/kidology-kids-wooden-shape-sorting-board-fishing-puzzle-toys/30148665/buy,Direct Wooden Toy,2026-09-17,
Kids Wooden Alphabet Puzzle Educational Montessori Board 2+,Educational Toy,Wood,Wood,One size,,,,306.0,349.0,12.0,4.6,5.0,ADITI TOYS PRIVATE LIMITED,Myntra,https://www.myntra.com/learning-and-development-toys/chanak/chanak-kids-wooden-alphabet-puzzle-educational-montessori-board-2/37090057/buy,Direct Wooden Toy,2026-09-17,
Kids Wooden Kannada Letters Tracing Board,Educational Toy,Wood,Wood,One size,,,,589.0,699.0,16.0,,,KAARPAAGAA INC,Myntra,https://www.myntra.com/Learning-and-Development-Toys/Little%2BMind/Little-Mind-Kids-Wooden-Kannada-Letters-Tracing-Board/44536999/buy,Direct Wooden Toy,2026-09-17,
"Kids Set of 3 Brown Wooden Learning Board Alphabets, Numbers & Shapes Puzzle Toys",Educational Toy,Wood,Wood,One size,,,,1199.0,1199.0,0.0,4.3,229.0,Cachet India,Myntra,https://www.myntra.com/learning-and-development-toys/chocozone/chocozone-kids-set-of-3-brown-wooden-learning-board-alphabets-numbers--shapes-puzzle-toys/20379784/buy,Direct Wooden Toy,2026-09-17,
Kids Memory Game- Brain Puzzle & Memory Matching Wooden Toy,Activity Toy,Cardboard,Cardboard,Pack,,,,1499.0,1499.0,0.0,,,MIDHAS WONDERHOOD PRIVATE LIMITED,Myntra,https://www.myntra.com/learning-and-development-toys/wonderlearn/-wonderlearn-kids-blue--white-solid-memory-skill-development-game/20686238/buy,Related Wooden Toy,2026-09-17,
Wooden Number Knob Puzzle Toy Learning and Development Toys,Puzzle,Wood,Wood,One size,,,,351.0,899.0,61.0,,,PLANET OF TOYS,Myntra,https://www.myntra.com/learning-and-development-toys/planetoftoys/planet-of-toys-wooden-number-knob-puzzle-toy-learning-and-development-toys/30032897/buy,Direct Wooden Toy,2026-09-17,
Kids Montessori Learning Wooden Toys,Educational Toy,Wood,Wood,Pack,,,,3300.0,3300.0,0.0,,,CURIOUS CUB PRIVATE LIMITED,Myntra,https://www.myntra.com/activity-toys-and-games/curiouscub/curious-cub-kids-montessori-learning-wooden-toys/24440662/buy,Direct Wooden Toy,2026-09-17,
Kids Montessori Learning Wooden Toys,Educational Toy,Wood,Wood,Pack,,,,3300.0,3300.0,0.0,,,CURIOUS CUB PRIVATE LIMITED,Myntra,https://www.myntra.com/activity-toys-and-games/curiouscub/curious-cub-kids-montessori-learning-wooden-toys/24440652/buy,Direct Wooden Toy,2026-09-17,
Kids Montessori Learning Wooden Toys,Educational Toy,Wood,Wood,Pack,,,,3300.0,3300.0,0.0,,,CURIOUS CUB PRIVATE LIMITED,Myntra,https://www.myntra.com/activity-toys-and-games/curiouscub/curious-cub-kids-montessori-learning-wooden-toys/24440664/buy,Direct Wooden Toy,2026-09-17,
Kids Maze Puzzle Wooden Toys,Puzzle,Wood,Wood,One size,,,,245.0,1300.0,81.0,,,MAGADH TECHNO SERVICES PRIVATE LIMITED,Myntra,https://www.myntra.com/activity-toys-and-games/littleginnie/little-ginnie-kids-maze-puzzle-wooden-toys/30841243/buy,Direct Wooden Toy,2026-09-17,
Kids 5-Pcs Wooden Shop & Roll Grocery Set,Pretend Play,Wood,Wood,One size,,,,1490.0,1550.0,4.0,,,LIBRAL TRADERS PVT LTD,Myntra,https://www.myntra.com/role-play-and-playsets/playbox/playbox-kids-5-pcs-wooden-shop--roll-grocery-set/36290401/buy,Direct Wooden Toy,2026-09-17,
Kids Wooden Tractor Toys,Toy Vehicle,Wood,Wood,One size,,,,302.0,1500.0,80.0,,,MAGADH TECHNO SERVICES PRIVATE LIMITED,Myntra,https://www.myntra.com/toy-vehicles/littleginnie/little-ginnie-kids-wooden-tractor-toys/30762846/buy,Direct Wooden Toy,2026-09-17,
Kids Wooden Push & Pull Hen Animal Toys,Activity Toy,Wood,Wood,Pack,,,,380.0,670.0,43.0,,,MAGADH TECHNO SERVICES PRIVATE LIMITED,Myntra,https://www.myntra.com/activity-toys-and-games/littleginnie/little-ginnie-kids-wooden-push--pull-hen-animal-toys/30616736/buy,Direct Wooden Toy,2026-09-17,
Wooden Pattern Tracing Board,Educational Toy,Wood,Wood,One size,,,,898.0,999.0,10.0,,,Adhyat Solutions Private Limited,Myntra,https://www.myntra.com/learning-and-development-toys/minileaves/mini-leaves-wooden-pattern-tracing-board/30569356/buy,Direct Wooden Toy,2026-09-17,
Kids Wooden Wheels Push & Pull Animal Duck Toys,Activity Toy,Wood,Wood,Pack,,,,308.0,670.0,54.0,,,MAGADH TECHNO SERVICES PRIVATE LIMITED,Myntra,https://www.myntra.com/activity-toys-and-games/littleginnie/little-ginnie-kids-wooden-wheels-push--pull-animal-duck-toys/30616724/buy,Direct Wooden Toy,2026-09-17,
Wooden Tracing Board for Learning to Write Number 0 to 10 for Kids 3+ Yrs,Educational Toy,Wood,Wood,One size,,,,599.0,699.0,14.0,,,Adhyat Solutions Private Limited,Myntra,https://www.myntra.com/learning-and-development-toys/minileaves/mini-leaves-wooden-tracing-board-for-learning-to-write-number-0-to-10-for-kids-3-yrs/30569365/buy,Direct Wooden Toy,2026-09-17,
Kids Wooden Jet Aeroplane DIY KIT Puzzle,Activity Toy,MDF Wood,MDF Wood,Pack,,,,298.0,599.0,50.0,,,MAGADH TECHNO SERVICES PRIVATE LIMITED,Myntra,https://www.myntra.com/art-and-craft/littleginnie/little-ginnie-kids-wooden-jet-aeroplane-diy-kit-puzzle/31575064/buy,Direct Wooden Toy,2026-09-17,
Multicolored Flower Wooden & BPA Free Silicone Baby Teether,Rattle,Wood,Wood,One size,,,,440.0,440.0,0.0,,,LIBRAL TRADERS PVT LTD,Myntra,https://www.myntra.com/Teether/Playbox/Playbox-Wooden-BPA-Free-Teether-/36290398/buy,Direct Wooden Toy,2026-09-17,
MiArcus Kids Wooden Bell Toy,Activity Toy,Wood,Wood,One size,,,,799.0,799.0,0.0,,,https://www.myntra.com/activity-toys-and-games/miarcus/miarcus-kids-wooden-bell-toy/32601150/buy,Myntra,Direct Wooden Toy,2026-09-17,,
Funskool Traditional Lagori Game for 6+ Years,Traditional Game,Wood,Wooden blocks,One size,,,,296.0,329.0,10.0,4.7,7.0,Supercom Net,Myntra,https://www.myntra.com/activity-toys-and-games/funskool/funskool-traditional-lagori-game-for-6-years/24081136/buy,Direct Wooden Toy,2026-09-17,
PLANET of Toys Kids Canvas Painting Kit & Water Color Tube,Art & Craft,Wood & paper,Wood & paper,One size,,,,843.0,1499.0,44.0,4.7,6.0,PLANET OF TOYS,Myntra,https://www.myntra.com/art-and-craft/planetoftoys/planet-of-toys-kids-canvas-painting-kit--water-color-tube-for-painting/25997382/buy,Related Wooden Toy,2026-09-17,
MiArcus Kids Wooden Maracas Toy Pack of 2,Musical Toy,Wood,Wood,One size,,,,1274.0,1499.0,15.0,,,MIARCUS RETAILS PRIVATE LIMITED,Myntra,https://www.myntra.com/activity-toys-and-games/miarcus/miarcus-kids-wooden-maracas-toy-pack-of-2/32601147/buy,Direct Wooden Toy,2026-09-17,
CHANAK Math Genius Wooden Numbers,Educational Toy,Wood,Wood,One size,,,,899.0,1599.0,44.0,,,ADITI TOYS PRIVATE LIMITED,Myntra,https://www.myntra.com/learning-and-development-toys/chanak/chanak-math-genius-wooden-numbers-/37090040/buy,Direct Wooden Toy,2026-09-17,
Jambuwala Enterprise India Map Wooden Puzzle Game,Puzzle,Wood,Wood,One size,,,,418.0,999.0,58.0,,,JAMBUWALA ENTERPRISE,Myntra,https://www.myntra.com/activity-toys-and-games/jambuwalaenterprise/jambuwala-enterprise-india-map-wooden-puzzle-game/36955131/buy,Direct Wooden Toy,2026-09-17,
MUREN Kids Scratch Resistant 2 in 1 Wooden Shisima & Tic Tac Toe Board Game,Board Game,Wood,Wood,One size,,,,1999.0,1999.0,0.0,,,MUREN IMPEX PRIVATE LIMITED,Myntra,https://www.myntra.com/activity-toys-and-games/muren/muren-kids-scratch-resistant-2-in-1-wooden-shisima--tic-tac-toe-board-game/26807090/buy,Direct Wooden Toy,2026-09-17,
Unravel India Set of 2 Chess Brass Chess Set with Wooden Board,Board Game,Wood,Wood,One size,,,,6599.0,6599.0,0.0,,,ONLINE HAAT PVT LTD,Myntra,https://www.myntra.com/activity-toys-and-games/unravelindia/unravel-india-set-of-2-chess-brass-chess-set-with-wooden-board/33972499/buy,Direct Wooden Toy,2026-09-17,
DeoDap Wooden Tumbling Tower Block Puzzle,Puzzle,Wood,Wood,,,,,999.0,999.0,0.0,,,,Myntra,https://www.myntra.com/activity-toys-and-games/deodap/deodap-wooden-tumbling-tower-block-puzzle/36581482/buy,Direct Wooden Toy,2026-09-17,
Wembley Toys Kids Wooden Alphabetical Puzzle Board,Puzzle,Wood,Wood,One size,,,,699.0,699.0,0.0,,,,Myntra,https://www.myntra.com/activity-toys-and-games/wembley-toys/wembley-toys-kids-wooden-alphabetical-puzzle-board/16070968/buy,Direct Wooden Toy,2026-09-17,
BAESD Kids Pack of 2 Wooden Block Puzzle Activity Toys and Games,Puzzle,Wood,Wood,,,,,599.0,599.0,0.0,,,,Myntra,https://www.myntra.com/activity-toys-and-games/baesd/baesd-kids-pack-of-2-wooden-block-puzzle-activity-toys-and-games/31369407/buy,Direct Wooden Toy,2026-09-17,
ARIRO TOYS Kids Wooden Grasping Beads Activity Toys,Activity Toy,Wood,Wood,,,,,249.0,249.0,0.0,,,,Myntra,https://www.myntra.com/activity-toys-and-games/ariro-toys/ariro-toys-kids-wooden-grasping-beads-activity-toys/20623894/buy,Direct Wooden Toy,2026-09-17,
PLANET of Toys Urdu Alphabet and Number Wooden Board Peg,Educational Toy,Wood,Wood,,,,,899.0,899.0,0.0,,,,Myntra,https://www.myntra.com/learning-and-development-toys/planetoftoys/planet-of-toys-urdu-alphabet-and-number-wooden-board-peg-learning-and-development-toys/30029651/buy,Direct Wooden Toy,2026-09-17,
Kuber Industries Slingshot Board Game with 10 Pucks,Board Game,Wood,Wood,,,,,1399.0,1399.0,0.0,,,,Myntra,https://www.myntra.com/activity-toys-and-games/kuberindustries/kuber-industries-slingshot-board-game-with-10-pucks-activity-toys-and-games/37238830/buy,Direct Wooden Toy,2026-09-17,
shumee Kids Wooden Lion Tambourine,Musical Toy,Wood,Wood,,,,,1399.0,1399.0,0.0,,,,Myntra,https://www.myntra.com/activity-toys-and-games/shumee/shumee-kids-wooden-lion-tambourine/24431760/buy,Direct Wooden Toy,2026-09-17,
shumee Kids Flower Garden Wooden Gear Toys,Activity Toy,Wood,Wood,,,,,999.0,999.0,0.0,,,,Myntra,https://www.myntra.com/activity-toys-and-games/shumee/shumee-kids-flower-garden-wooden-gear-toys/24431844/buy,Direct Wooden Toy,2026-09-17,
shumee Kids Yellow Lil Chef's Wooden Cooking Set,Pretend Play,Wood,Wood,,,,,1599.0,1599.0,0.0,,,,Myntra,https://www.myntra.com/activity-toys-and-games/shumee/-shumee-kids-yellow-lil-chefs-wooden-cooking-set/19973654/buy,Direct Wooden Toy,2026-09-17,
shumee Kids Set of 3 Wooden Shapes Peg Puzzle Activity Toy,Puzzle,Wood,Wood,,,,,1295.0,1295.0,0.0,,,,Myntra,https://www.myntra.com/activity-toys-and-games/shumee/shumee-kids-set-of-3-wooden-shapes-peg-puzzle-activity-toy/24431830/buy,Direct Wooden Toy,2026-09-17,
shumee Kids Wooden Fish Rattle,Rattle,Wood,Wood,,,,,545.0,545.0,0.0,,,,Myntra,https://www.myntra.com/activity-toys-and-games/shumee/shumee-kids-wooden-fish-rattle/24431852/buy,Direct Wooden Toy,2026-09-17,
shumee Kids Beige Rocking Horse Activity Toy,Rocking Toy,Wood,Wood,,,,,6999.0,6999.0,0.0,,,,Myntra,https://www.myntra.com/activity-toys-and-games/shumee/-shumee-kids-beige-rocking-horse-activity-toys-and-games/19973658/buy,Direct Wooden Toy,2026-09-17,
shumee Kids Green Printed 5-in-1 Wooden Activity Triangle Learning Toy,Educational Toy,Wood,Wood,,,,,2999.0,2999.0,0.0,,,,Myntra,https://www.myntra.com/activity-toys-and-games/shumee/-shumee-kids-green-printed-5-in-1-wooden-activity-triangle-learning-toy/19973650/buy,Direct Wooden Toy,2026-09-17,
shumee Kids Yellow & Orange 3-in-1 Wooden Number & Shape Sorting House,Educational Toy,Wood,Wood,,,,,1999.0,1999.0,0.0,,,,Myntra,https://www.myntra.com/activity-toys-and-games/shumee/shumee-kids-yellow--orange-3-in-1-wooden-number--shape-sorting-house/19973662/buy,Direct Wooden Toy,2026-09-17,
shumee Kids Multi-Coloured Wooden Rainbow Spinner Activity Toy,Activity Toy,Wood,Wood,,,,,1499.0,1499.0,0.0,,,,Myntra,https://www.myntra.com/activity-toys-and-games/shumee/shumee-kids-multi-coloured-wooden-rainbow-spinner-activity-toy/20326548/buy,Direct Wooden Toy,2026-09-17,
Desi Toys Kids Pack of 10 Gilli Danda Outdoor Stick Game Wooden Toy,Traditional Game,Wood,Wood,,,,,3990.0,3990.0,0.0,,,,Myntra,https://www.myntra.com/activity-toys-and-games/desitoys/desi-toys-set-of-10-gilli-danda/23134478/buy,Direct Wooden Toy,2026-09-17,
Desi Toys Kids Pack of 10 Spinning Tops Wooden Toy Lattu Bhawra,Traditional Game,Wood,Wood,,,,,1990.0,1990.0,0.0,,,,Myntra,https://www.myntra.com/activity-toys-and-games/desitoys/desi-toys-kids-set-of-10-wooden-spinning-tops/23134470/buy,Direct Wooden Toy,2026-09-17,
Desi Toys Kids Pack of 10 Wooden Toy Slingshot Traditional Gulel,Traditional Game,Wood,Wood,,,,,4990.0,4990.0,0.0,,,,Myntra,https://www.myntra.com/activity-toys-and-games/desitoys/desi-toys-kids-set-of-10-gulel-slingshots/23134466/buy,Direct Wooden Toy,2026-09-17,
Channapatna Wood Wooden Toy Rattle Toddler Baby Toy,Channapatna Toy,Wood,Wood,23 x 10.5 cm,,,,2516.99,,,,5.0,IndiaArtCraft,Etsy,https://www.etsy.com/in-en/listing/1330581856/channapatna-wood-wooden-toy-rattle,Channapatna,2026-09-17,
Channapatna Baby Stacking Toy Puzzle Pastel Colorful,Channapatna Toy,Wood,Wood,21.5 x 8.5 x 5.5 cm,21.5,8.5,5.5,3750.08,,,,5.0,IndiaArtCraft,Etsy,https://www.etsy.com/in-en/listing/1603474266/channapatna-baby-stacking-toy-puzzle,Channapatna,2026-09-17,
Set of 2 Wood Puzzle Game Channapatna Brain Teaser,Channapatna Puzzle,Wood,Wood,10.5 cm and 13 cm diameter,,,,2524.67,,,,5.0,IndiaArtCraft,Etsy,https://www.etsy.com/listing/1354271221/set-of-2-wood-puzzle-game-channapatna,Channapatna,2026-09-17,
Channapatna Baby Giraffe Puzzle Alphabet Numbers,Channapatna Puzzle,Wood,Wood,18 x 27 x 2 cm,18.0,27.0,2.0,5351.37,,,,5.0,IndiaArtCraft,Etsy,https://www.etsy.com/listing/1339532306/channapatna-baby-giraffe-puzzle-alphabet,Channapatna,2026-09-17,
Channapatna Etikoppaka Wooden Figurine,Indian Wooden Figurine,Wood,Wood,4 x 14 inches,,,,6136.67,,,,5.0,LarkAndWanderGallery,Etsy,https://www.etsy.com/listing/4475795224/channapatna-etikoppaka-figurine-from,Channapatna,2026-09-17,
Indian Channapatna Folkart Toy Doll Rattle,Channapatna Toy,Wood,Wood,,,,,1750.87,2109.48,17.0,5.0,,,Etsy,https://www.etsy.com/listing/4397602555/indian-channapatna-folkart-toy-doll,Channapatna,2026-09-17,
Handmade Wooden Baby Rattle Non-Toxic Indian Toy,Baby Rattle,Wood,Wood,,,,,1898.53,,,4.5,,JeenaLaVie,Etsy,https://www.etsy.com/listing/1532331104/handmade-non-toxic-wooden-baby-rattle,Indian Wooden Toy,2026-09-17,
"Mountain Wooden Toy, Wooden Stacker Toy",Stacking Toy,Alder wood,Alder wood,24 x 20 x 4.5 cm,24.0,20.0,4.5,4928.0,5475.0,10.0,4.5,,WoodenToysforYou,Etsy,https://www.etsy.com/listing/1166007800/mountain-wooden-toy-wooden-stacker-toy,Related Wooden Toy,2026-09-17,
Personalized Wooden Yoyo with Engraved Name,Yo-Yo,Wood,Wood,5.5 x 5.5 cm,,,,1688.0,2411.0,30.0,4.5,,MiniStyleCrafts,Etsy,https://www.etsy.com/listing/1885757566/personalized-wooden-yoyo-with-engraved,Related Wooden Toy,2026-09-17,
Handcrafted Open Ended Wooden Toy Figure Fairy Tale,Figurine Toy,Maple wood,Maple wood,15 cm high,,,,1726.0,,,5.0,,GreenElephantGlobal,Etsy,https://www.etsy.com/listing/1409760213/handcrafted-open-ended-wooden-toy-figure,Related Wooden Toy,2026-09-17,
Wooden Trees Toy Set,Open-ended Toy,Lime wood,Lime wood,9–13 cm high,,,,6880.0,,,,,MommysGiftShop,Etsy,https://www.etsy.com/listing/633895994/wooden-trees-toy-set-waldorf-wooden-toy,Related Wooden Toy,2026-09-17,
Wooden Toy Car Set of 2,Toy Vehicle,Pine,Pine,4.5 in L x 3 in H x 2.5 in thick,,,,2597.0,,,5.0,,ArborandAnchor,Etsy,https://www.etsy.com/listing/860790206/wooden-toy-car-set-of-2-wooden-toy-cars,Related Wooden Toy,2026-09-17,
Wooden Toy Train Set with Trailer,Toy Vehicle,Beech wood,Beech wood,,,,,7078.0,14156.0,50.0,4.5,,AkasiaWoodArt,Etsy,https://www.etsy.com/listing/1485837204/wooden-toy-train-set-with-trailername,Related Wooden Toy,2026-09-17,
Wooden Puzzle Bear,Puzzle,Plywood/wood,Plywood/wood,12 pieces,,,,2563.0,,,,,MayoLenka,Etsy,https://www.etsy.com/listing/1661275404/wooden-puzzle-bear-wooden-toys-animal,Related Wooden Toy,2026-09-17,
Wooden Shape Stacking Toy,Stacking Toy,Maple/cherry wood,Maple/cherry wood,,,,,3100.0,3440.0,10.0,,,,Etsy,https://www.etsy.com/listing/1507025877/wooden-shape-stacking-toy-montessori,Related Wooden Toy,2026-09-17,
Pyramid Wooden Stacker,Stacking Toy,Wood,Wood,,,,,2342.0,2928.0,20.0,5.0,,EdutainmentToys,Etsy,https://www.etsy.com/listing/985302658/pyramid-wooden-stacker-wooden-stacking,Related Wooden Toy,2026-09-17,
Wooden Zoo Puzzle,Puzzle,Wood,Wood,,,,,5751.0,,,5.0,,WoodStyleToys,Etsy,https://www.etsy.com/listing/603271832/wooden-puzzle-wooden-zoo-puzzle-animal,Related Wooden Toy,2026-09-17,
Montessori Wooden Peg Toy,Educational Toy,Wood,Wood,,,,,3834.0,,,5.0,,MsModifyPLAY,Etsy,https://www.etsy.com/listing/1473537003/wooden-peg-toy-montessori-peg-puzzle,Related Wooden Toy,2026-09-17,
Wooden Alphabet and Number Puzzles for Toddlers,Educational Puzzle,Wood,Wood,,,,,8144.0,14808.0,45.0,5.0,,Woodinout,Etsy,https://www.etsy.com/listing/1513021810/wooden-puzzles-for-toddlers-alphabet,Related Wooden Toy,2026-09-17,
Montessori Knobbed Cylinder Blocks,Educational Toy,Wood,Wood,24 x 8 x 6.5 cm per block,24.0,8.0,6.5,4055.0,4507.0,10.0,,,WoodenToysforYou,Etsy,https://www.etsy.com/listing/816815078/montessori-knobbed-cylinder-blocks,Related Wooden Toy,2026-09-17,
Montessori Starter Set,Educational Toy,Acacia wood,Acacia wood,,,,,4791.0,,,,,,Etsy,https://www.etsy.com/listing/1457553499/montessori-wooden-toy-set-for-1-year-old,Related Wooden Toy,2026-09-17,
Wooden Stacking Toy,Stacking Toy,Wood,Wood,,,,,911.0,,,2.5,,Hobbyhousefinds,Etsy,https://www.etsy.com/listing/763692958/wooden-stacking-toy,Related Wooden Toy,2026-09-17,
Wooden Neutral Color Stacker,Stacking Toy,Lime wood,Lime wood,,,,,2487.0,2927.0,15.0,4.5,,MommysGiftShop,Etsy,https://www.etsy.com/listing/1218238265/wooden-neutral-color-stacker-earh-color,Related Wooden Toy,2026-09-17,
Handmade Maple Wooden Puzzle,Puzzle,Maple wood,Maple wood,,,,,4007.0,5009.0,20.0,,,BumbuToys,Etsy,https://www.etsy.com/listing/1492890203/handmade-maple-wooden-puzzle-montessori,Related Wooden Toy,2026-09-17,
Wooden School Bus Toy,Toy Vehicle,Wood,Wood,,,,,4889.0,9778.0,50.0,4.5,,AkasiaWoodArt,Etsy,https://www.etsy.com/listing/1232461739/wooden-school-bus-toymontessori-natural,Related Wooden Toy,2026-09-17,
Wolverine Wooden Puzzle Toy,Puzzle,Wood,Wood,,,,,1725.0,,,5.0,,Puzzimals,Etsy,https://www.etsy.com/listing/8753080/wolverine-wooden-puzzle-toy-hand-cut,Related Wooden Toy,2026-09-17,
Wooden Puzzle Blank Round Shape,Puzzle,Wood,Wood,32 pcs,,,,751.0,863.0,13.0,,,GeniusesOfWood,Etsy,https://www.etsy.com/listing/4373929210/wooden-puzzle-blank-round-shape,Related Wooden Toy,2026-09-17,
Personalized Wooden Puzzle,Puzzle,Wood,Wood,,,,,1199.0,2397.0,50.0,,,RealEstateStoreCom,Etsy,https://www.etsy.com/listing/1627081656/personalized-wooden-puzzlecustom-photo,Related Wooden Toy,2026-09-17,
Self-running Wooden Animals,Activity Toy,Maple/beech wood,Maple/beech wood,,,,,1734.0,,,5.0,,HolzBrink,Etsy,https://www.etsy.com/listing/1720421955/self-running-wooden-animals-walking,Related Wooden Toy,2026-09-17,
Wooden Toy Minivan,Toy Vehicle,Wood,Wood,3.5 x 2 x 1.5 in,8.89,5.08,3.81,1151.0,,,5.0,,OdinsToyFactory,Etsy,https://www.etsy.com/listing/826692952/handmade-wooden-toy-minivan-with,Related Wooden Toy,2026-09-17,
Handcrafted 12-piece Wooden Puzzle,Puzzle,Wood,Wood,14 x 7 cm,,,,2752.0,,,5.0,,FranckyGraphty,Etsy,https://www.etsy.com/listing/4418149234/handcrafted-12-piece-wooden-puzzle-laser,Related Wooden Toy,2026-09-17,
Hilbert Curve Fractal Wooden Puzzle,Puzzle,Wood,Wood,,,,,2685.0,,,,,TandCCreationsDesign,Etsy,https://www.etsy.com/listing/1077526969/hilbert-curve-fractal-wooden-puzzle,Related Wooden Toy,2026-09-17,
Indian Handmade Lorry / Truck Showpiece,Indian Wooden Toy,Wood,Wood,,,,,5394.0,,,4.5,,ArtsNCraftsVillage,Etsy,https://www.etsy.com/listing/981941212/artncraftsvillage-indian-handmade-lorry,Indian Wooden Toy,2026-09-17,
Wooden Puzzle for Kids - Various Shapes,Puzzle,Birch plywood,Birch plywood,A5 / 148 x 210 mm,,,,2313.0,,,5.0,,MarktekDECO,Etsy,https://www.etsy.com/listing/884042301/wooden-puzzle-for-kids-various-shapes,Related Wooden Toy,2026-09-17,
Natural Tree Building Blocks,Building Blocks,Wood,Wood,50 blocks,,,,8629.0,,,5.0,,DrevosvetToys,Etsy,https://www.etsy.com/listing/644040620/from-50-natural-tree-building-blocks,Related Wooden Toy,2026-09-17,
Weather Set Wooden Toy,Educational Toy,Lime wood,Lime wood,,,,,3157.0,4207.0,25.0,,,MommysGiftShop,Etsy,https://www.etsy.com/listing/582756932/weather-set-wooden-toy-waldorf-toy-sun,Related Wooden Toy,2026-09-17,
Blank 12x16.5 Guest Book Wooden Puzzle,Puzzle,Wood/plywood,Wood/plywood,49 pieces; 16.5 x 12 in,,,,1626.0,,,5.0,,PuzzleCraftsStore,Etsy,https://www.etsy.com/listing/775565440/blank-12x165-guest-book-wooden-puzzle-49,Related Wooden Toy,2026-09-17,
Peacock Wooden Puzzle,Puzzle,Wood/paper,Wood/paper,,,,,1844.0,2170.0,15.0,,,TradeMint,Etsy,https://www.etsy.com/listing/1837802714/peacock-wooden-puzzle-laser-cut-jigsaw,Related Wooden Toy,2026-09-17,
Wooden Toy Car: Speedy Wheels Collection,Toy Vehicle,Wood,Wood,5.5 x 2.5 x 2.5 in,13.97,6.35,6.35,2685.0,,,5.0,,OdinsToyFactory,Etsy,https://www.etsy.com/listing/720774436/handmade-wooden-toy-car-two-tone-shellac,Related Wooden Toy,2026-09-17,
Wooden Toy Car: Shellac Finished,Toy Vehicle,Wood,Wood,,,,,2685.0,,,5.0,,OdinsToyFactory,Etsy,https://www.etsy.com/listing/734439213/handmade-wooden-toy-car-clear-amber,Related Wooden Toy,2026-09-17,
Handmade Wooden Toy Vespa Scooter,Toy Vehicle,Wood,Wood,13 x 9 x 4 cm,13.0,9.0,4.0,7480.0,,,5.0,,penwoodenthings,Etsy,https://www.etsy.com/listing/1823992141/handmade-wooden-toy-vespa-scooter-retro,Related Wooden Toy,2026-09-17,
Wood Toy Wagon for Small Tractor,Toy Vehicle,Wood,Wood,10 in long,,,,1822.0,,,5.0,,TheToyRack,Etsy,https://www.etsy.com/listing/1618289287/wood-toy-wagon-for-small-tractor,Related Wooden Toy,2026-09-17,
Montessori Busy Board,Educational Toy,Birch plywood,Birch plywood,,,,,8717.0,17433.0,50.0,5.0,,HappyBabyClubUA,Etsy,https://www.etsy.com/listing/1516248956/montessori-busy-board-wooden-sensory,Related Wooden Toy,2026-09-17,
Montessori Toy Shelf,Toy Storage / Furniture,Birch plywood/MDF,Birch plywood/MDF,70 x 35 cm,,,,14179.0,,,5.0,,TukuTuk,Etsy,https://www.etsy.com/listing/4300443358/montessori-toy-shelf-handmade-wooden,Wooden Market Comparable,2026-09-17,
Handmade Montessori Busy Board,Educational Toy,Wood/plywood,Wood/playwood,,,,,10757.0,12655.0,15.0,4.5,,PlayWoodTime,Etsy,https://www.etsy.com/listing/1868640180/handmade-montessori-busy-board-wooden,Related Wooden Toy,2026-09-17,
Wooden Montessori Wall Busy Board,Educational Toy,Wood,Wood,60 x 40 cm board,,,,12072.0,24637.0,51.0,5.0,,BusyBunnyToys,Etsy,https://www.etsy.com/listing/4456502876/wooden-montessori-wall-busy-board,Related Wooden Toy,2026-09-17,
Montessori Busy Board Spaceship Control Panel,Educational Toy,Wood,Wood,,,,,3464.0,5774.0,40.0,,,avengerstore,Etsy,https://www.etsy.com/listing/1021293383/montessori-busy-board-led-light-toy,Related Wooden Toy,2026-09-17,
Toddler Busy Cube,Educational Toy,Wood,Wood,,,,,37815.0,,,5.0,,WoodBusyToys,Etsy,https://www.etsy.com/listing/4374663419/toddler-busy-cube-wooden-montessori,Related Wooden Toy,2026-09-17,
Handmade Wooden Sensory Play Table,Activity Toy,Wood,Wood,,,,,12311.0,,,5.0,,JoyfulJoinery,Etsy,https://www.etsy.com/listing/1748822920/wooden-sensory-play-table-with-lid,Wooden Market Comparable,2026-09-17,
Wooden Snail Stacking Toy,Stacking Toy,Alder wood,Alder wood,16.5 x 6 x 2.5 cm,16.5,6.0,2.5,2579.0,4576.0,35.0,5.0,,TarikWood,Etsy,https://www.etsy.com/listing/909015827/wooden-snail-stacking-toy-waldorf,Related Wooden Toy,2026-09-17,
Wooden Educational Geometric Blocks,Building Blocks,Beech wood,Beech wood,18.79 x 6.35 cm,,,,4884.0,9768.0,50.0,4.5,,AkasiaWoodArt,Etsy,https://www.etsy.com/listing/1603500715/wooden-educational-geometric,Related Wooden Toy,2026-09-17,
Wooden Puzzle Train Set,Toy Vehicle,Beech wood,Beech wood,,,,,11320.0,,,,,TINYWOODTR,Etsy,https://www.etsy.com/listing/4331014027/wooden-puzzle-train-set-montessori-toy,Related Wooden Toy,2026-09-17,
Handmade Wooden Fire Truck Toy,Toy Vehicle,Wood,Wood,,,,,23088.0,57721.0,60.0,,,DanlyToys,Etsy,https://www.etsy.com/listing/1733625162/handmade-wooden-fire-truck-toy-eco,Related Wooden Toy,2026-09-17,
Wooden Reindeer Toy,Animal Toy,Birch/beech wood,Birch/beech wood,,,,,3268.0,,,4.5,,WoofWoofWood,Etsy,https://www.etsy.com/listing/461727898/wooden-reindeer-toys-toys-on-wheels,Related Wooden Toy,2026-09-17,
Handcrafted Wooden Horse Toy with Wheels,Toy Vehicle,Natural oak wood,Natural oak wood,4 x 3.15 x 2 in,10.16,8.001,5.08,2497.0,,,,,MiliastoreGifts,Etsy,https://www.etsy.com/listing/4413548434/handcrafted-wooden-horse-toy-with-wheels,Related Wooden Toy,2026-09-17,
Jumping Jack Cat Toy,Animal Toy,Wood,Wood,15 x 8.5 cm,,,,4026.0,,,5.0,,UkrGiftsShop,Etsy,https://www.etsy.com/listing/1453252428/jumping-jack-cat-toy-wooden-handmade-cat,Related Wooden Toy,2026-09-17,
Handcrafted Open Ended Wooden Toy Tree,Open-ended Toy,Maple wood,Maple wood,21 cm high,,,,4945.0,,,,,GreenElephantGlobal,Etsy,https://www.etsy.com/listing/1710362490/handcrafted-open-ended-wooden-toy-tree,Related Wooden Toy,2026-09-17,
Handcrafted Open Ended Wooden Toy Castles,Open-ended Toy,Alder wood,Alder wood,,,,,2198.0,,,5.0,,GreenElephantGlobal,Etsy,https://www.etsy.com/listing/1350104315/handcrafted-open-ended-wooden-toy,Related Wooden Toy,2026-09-17,
Wooden Toy Sailboat,Toy Vehicle,Alder/cotton,Alder/cotton,8 in long,,,,3721.0,,,5.0,,WoodpeckersToys,Etsy,https://www.etsy.com/listing/833710859/wooden-toy-sailboat-natural-wood-boat,Related Wooden Toy,2026-09-17,
Rainbow Wooden Cube Building Blocks Set of 36 in Multicolour,Building Blocks,Mango Wood,Mango Wood,5 x 25 x 25 cm,5.0,25.0,25.0,1399.0,,,,,Chitrani,Pepperfry,https://www.pepperfry.com/product/rainbow-wooden-cube-building-blocks-set-of-36-in-multicolour-by-chitrani-1923813.html,Direct Wooden Toy,2026-09-17,
Rainbow Stacker Set of 6 in Multicolour,Stacking Toy,Beech wood,Beech Wood,10 x 20 x 7 cm,10.0,20.0,7.0,899.0,,,,,Chitrani,Pepperfry,https://www.pepperfry.com/product/rainbow-stacker-set-of-6-in-multicolour-by-chitrani-1923810.html,Direct Wooden Toy,2026-09-17,
Small Wooden Houses Set of 15 in Multicolour,Open-ended Building Toy,Mango Wood,Mango Wood,20 x 20 x 20 cm,20.0,20.0,20.0,1299.0,,,,,Chitrani,Pepperfry,https://www.pepperfry.com/product/small-wooden-houses-set-of-15-in-multicolour-by-chitrani-1923805.html,Direct Wooden Toy,2026-09-17,
Wooden Rolling Rattle in Natural Finish,Baby Rattle,Engineered Wood,Engineered Wood,7.4 x 7.4 x 15 cm,7.4,7.4,15.0,599.0,,,,,Ariro Toys,Pepperfry,https://www.pepperfry.com/product/wooden-rolling-rattleby-ariro-toys-1960829.html,Direct Wooden Toy,2026-09-17,
Wooden Teethers-Treats in Natural Finish,Teether,Engineered Wood,Engineered Wood,8 x 6.4 x 0.8 cm,8.0,6.4,0.8,599.0,,,,,Ariro Toys,Pepperfry,https://www.pepperfry.com/product/wooden-teethers-treatsby-ariro-toys-1960836.html,Direct Wooden Toy,2026-09-17,
Wooden Grasping Beads in Natural Finish,Baby Grasping Toy,Engineered Wood,Engineered Wood,3.3 x 5.3 x 5.3 cm,3.3,5.3,5.3,249.0,,,,,Ariro Toys,Pepperfry,https://www.pepperfry.com/product/wooden-grasping-beadsby-ariro-toys-1960833.html,Direct Wooden Toy,2026-09-17,
Wooden Puzzle Leaf in Green Colour,Puzzle,Engineered Wood,Engineered Wood,2 x 22.5 x 30 cm,2.0,22.5,30.0,999.0,,,,,Ariro Toys,Pepperfry,https://www.pepperfry.com/product/wooden-puzzle-leafby-ariro-toys-1960840.html,Direct Wooden Toy,2026-09-17,
Hobby Horse Self Balance in Natural Wooden Finish,Role-play Toy,Engineered Wood,Engineered Wood,5.1 x 22.9 cm,,,,1380.0,1610.0,14.0,,,Rocking Potato,Pepperfry,https://www.pepperfry.com/product/hobby-horse-self-balance-in-natural-wooden-finish-by-rockingpotato-1966744.html,Direct Wooden Toy,2026-09-17,
Push Walker in Blue Colour,Push/Walker Toy,Engineered Wood,Engineered Wood,40.6 x 30.5 x 27.9 cm,40.6,30.5,27.9,3500.0,4000.0,13.0,,,Rocking Potato,Pepperfry,https://www.pepperfry.com/product/push-walker-in-blue-color-by-rockingpotato-1966741.html,Direct Wooden Toy,2026-09-17,
Shumee Multicolor Wooden Rocking Horse,Rocking Toy,Wood,Wood,27 x 12 x 17.5 in,68.58,30.48,44.45,5800.0,,,,,shumee,Pepperfry,https://www.pepperfry.com/product/shumee-multicolor-wooden-and-water-based-safe-paints-rocking-horse-1446883.html,Direct Wooden Toy,2026-09-17,
Wooden Bench and Bridge Garden Toy,Miniature Toy,Wood,Wooden/handicraft item,Not Exposed,,,,599.0,1099.0,45.0,4.5,,Tayhaa,Pepperfry,https://www.pepperfry.com/product/wooden-bench-and-bridge-garden-toy-by-aapno-rajasthan-1792113.html,Direct Wooden Toy,2026-09-17,
Wooden Handmade Crafted Yellow Color Doll Hand Painted - Nesting Doll Set of 5,Nesting Doll Toy,Wood,Wood,20 x 8 x 8 cm,20.0,8.0,8.0,399.0,629.0,37.0,4.0,,Fashion Bizz,Pepperfry,https://www.pepperfry.com/product/wooden-handmade-crafted-yellow-color-doll-hand-painted-nesting-doll-wooden-decora-2264529.html,Direct Wooden Toy,2026-09-17,
Wooden Handmade Crafted Green Color Doll Hand Painted - Nesting Doll Set of 5,Nesting Doll Toy,Wood,Wood,20 x 8 x 8 cm,20.0,8.0,8.0,399.0,629.0,37.0,4.0,,Fashion Bizz,Pepperfry,https://www.pepperfry.com/product/wooden-handmade-crafted-green-color-doll-hand-painted-nesting-doll-wooden-decorat-2264528.html,Direct Wooden Toy,2026-09-17,
Set of 5 Red Wooden Hand Painted Stacking Nested Dolls,Nesting Doll Toy,Wood,Wood,20 x 8 x 8 cm,20.0,8.0,8.0,399.0,629.0,37.0,4.0,,Fashion Bizz,Pepperfry,https://www.pepperfry.com/product/wooden-handmade-crafted-red-color-doll-hand-painted-nesting-doll-wooden-decoratio-2264527.html,Direct Wooden Toy,2026-09-17,
Light Brown Engineered Wood 12 Pieces Bro Puzzle Gift Set,Puzzle,Engineered Wood,Engineered Wood,Not Exposed,,,,399.0,419.0,5.0,5.0,,eCraftIndia,Pepperfry,https://www.pepperfry.com/product/light-brown-engineered-wood-12-pieces-bro-puzzle-gift-set-2154539.html,Direct Wooden Toy,2026-09-17,
Couple Horse Set Of 2 Yellow Wood Figurine,Wood Figurine,Wood,Wood,18 x 13 x 30 cm,18.0,13.0,30.0,4849.0,8199.0,41.0,,,Rhapsodically Made,Pepperfry,https://www.pepperfry.com/product/couple-horse-set-of-2-yellow-wood-figurines-2147104.html,Wooden Market Comparable,2026-09-17,
Horse Head Black Wood Figurine,Wood Figurine,Wood,Wood,Not Exposed,,,,4149.0,7199.0,42.0,,,Rhapsodically Made,Pepperfry,https://www.pepperfry.com/product/horse-head-black-wood-figurines-2147103.html,Wooden Market Comparable,2026-09-17,
Handcrafted Elephant Black Wood Figurine,Wood Figurine,Wood,Wood,Not Exposed,,,,4149.0,7199.0,42.0,,,Rhapsodically Made,Pepperfry,https://www.pepperfry.com/product/handcrafted-elephant-black-wood-figurines-2147102.html,Wooden Market Comparable,2026-09-17,
Dearest Little Deer Brown Solid Wood (Set of 2) Figurines,Wood Figurine,Solid Wood,Solid Wood,16 x 8 x 35 cm,16.0,8.0,35.0,699.0,1299.0,46.0,4.5,,Sowpeace,Pepperfry,https://www.pepperfry.com/product/dearest-little-deer-brown-solid-wood-set-of-2-showpieces-2124220.html,Wooden Market Comparable,2026-09-17,
The Mama and Ba,Wood Figurine,Solid Wood,Solid Wood,25 x 17 x 61 cm,25.0,17.0,61.0,599.0,1199.0,50.0,4.5,,Sowpeace,Pepperfry,https://www.pepperfry.com/product/the-mama-and-baby-duck-brown-solid-wood-showpiece-2124227.html,Wooden Market Comparable,2026-09-17,
Poise of Purity Brown Solid Wood Figurine,Wood Figurine,Solid Wood,Solid Wood,17 x 17 x 70 cm,17.0,17.0,70.0,799.0,1599.0,50.0,4.5,,Sowpeace,Pepperfry,https://www.pepperfry.com/product/poise-of-purity-brown-solid-wood-showpiece-2124224.html,Wooden Market Comparable,2026-09-17,
The Dance Of Color Grace Brown Solid Wood Figurine,Wood Figurine,Solid Wood,Solid Wood,Not Exposed,,,,1099.0,1999.0,45.0,4.5,,Sowpeace,Pepperfry,https://www.pepperfry.com/product/the-dance-of-color-grace-brown-solid-wood-showpiece-2124225.html,Wooden Market Comparable,2026-09-17,
Rolling The Trump Brown Solid Wood (Set of 3) Figurines,Wood Figurine,Solid Wood,Solid Wood,48 x 8 x 18 cm,48.0,8.0,18.0,1349.0,2199.0,39.0,4.5,,Sowpeace,Pepperfry,https://www.pepperfry.com/product/rolling-the-trump-brown-solid-wood-set-of-3-showpieces-2124219.html,Wooden Market Comparable,2026-09-17,
Spirited Rider Brown Solid Wood (Set of 2) Figurines,Wood Figurine,Solid Wood,Solid Wood,18 x 12 x 67 cm,18.0,12.0,67.0,1049.0,1899.0,45.0,4.5,,Sowpeace,Pepperfry,https://www.pepperfry.com/product/spirited-rider-brown-solid-wood-set-of-2-showpieces-2124218.html,Wooden Market Comparable,2026-09-17,
Vintage Hand Carved Mango Wood Laughing Head Figurine,Wood Figurine,Mango Wood,Mango Wood,Not Exposed,,,,2449.0,4399.0,44.0,,,Forms,Pepperfry,https://www.pepperfry.com/product/vintage-hand-carved-mango-wood-laughing-head-figurine-2075961.html,Wooden Market Comparable,2026-09-17,
Orange Hand Carved Mango Wood Sleeping Head Figurine,Wood Figurine,Mango Wood,Mango Wood,9.5 x 9 x 7 cm,9.5,9.0,7.0,2449.0,4399.0,44.0,,,Forms,Pepperfry,https://www.pepperfry.com/product/orange-hand-carved-mango-wood-sleeping-head-figurine-2075960.html,Wooden Market Comparable,2026-09-17,
Grey Hand Carved Mango Wood Sleeping Head Figurine,Wood Figurine,Mango Wood,Mango Wood,Not Exposed,,,,2449.0,4399.0,44.0,,,Forms,Pepperfry,https://www.pepperfry.com/product/grey-hand-carved-mango-wood-sleeping-head-figurine-2075959.html,Wooden Market Comparable,2026-09-17,
Red Hand Carved Mango Wood Laughing Head Figurine,Wood Figurine,Mango Wood,Mango Wood,7 x 6.5 x 8 cm,7.0,6.5,8.0,2299.0,3799.0,39.0,4.5,,Forms,Pepperfry,https://www.pepperfry.com/product/red-hand-carved-mango-wood-laughing-head-figurine-2075957.html,Wooden Market Comparable,2026-09-17,
Blue Hand Carved Mango Wood Laughing Head Figurine,Wood Figurine,Mango Wood,Mango Wood,7 x 6.5 x 8 cm,7.0,6.5,8.0,2399.0,4099.0,41.0,4.5,,Forms,Pepperfry,https://www.pepperfry.com/product/blue-hand-carved-mango-wood-laughing-head-figurine-2075958.html,Wooden Market Comparable,2026-09-17,
Brown Hand Craved Mango Wood Elephant Figurine,Wood Figurine,Mango Wood,Mango Wood,17 x 3.5 x 23.5 cm,17.0,3.5,23.5,3499.0,6099.0,43.0,,,Forms,Pepperfry,https://www.pepperfry.com/product/brown-hand-craved-mango-wood-elephant-figurine-2075956.html,Wooden Market Comparable,2026-09-17,
Yellow Wooden Savitri and Shiva Idol,Wood Figurine/Idol,Wood,Wood,12.95 x 12.95 x 36.83 cm,12.95,12.95,36.83,7399.0,12499.0,41.0,4.0,,Rhapsodically Made,Pepperfry,https://www.pepperfry.com/product/wooden-savitri-and-shiva-idol-by-rhapsodically-made-1956324.html,Wooden Market Comparable,2026-09-17,
Floral Elephant Mango Wood Figurine,Wood Figurine,Mango Wood,Mango Wood,Not Exposed,,,,1849.0,3199.0,42.0,4.5,,Forms,Pepperfry,https://www.pepperfry.com/product/floral-elephant-mango-wood-animal-figurine-by-forms-1934857.html,Wooden Market Comparable,2026-09-17,
Elephant Mango Wood Figurine,Wood Figurine,Solid Wood,Solid Wood,25.4 x 40.6 x 12.7 cm,25.4,40.6,12.7,1849.0,3499.0,47.0,5.0,,Forms,Pepperfry,https://www.pepperfry.com/product/elephant-mango-wood-figurine-1899599.html,Wooden Market Comparable,2026-09-17,
